index,name,dtype,rank,input_count,dim,bytes,status,error
0,rank1_axis0_pos_fp16,fp16,1,4,0,22,pass,
1,rank1_axis0_neg_fp16,fp16,1,4,-1,22,pass,
2,rank2_axis0_pos_fp16,fp16,2,4,0,66,pass,
3,rank2_axis0_neg_fp16,fp16,2,4,-2,66,pass,
4,rank2_axis1_pos_fp16,fp16,2,4,1,44,pass,
5,rank2_axis1_neg_fp16,fp16,2,4,-1,44,pass,
6,rank3_axis0_pos_fp16,fp16,3,4,0,264,pass,
7,rank3_axis0_neg_fp16,fp16,3,4,-3,264,pass,
8,rank3_axis2_pos_fp16,fp16,3,4,2,132,pass,
9,rank3_axis2_neg_fp16,fp16,3,4,-1,132,pass,
10,rank4_axis0_pos_fp16,fp16,4,4,0,528,pass,
11,rank4_axis0_neg_fp16,fp16,4,4,-4,528,pass,
12,rank4_axis3_pos_fp16,fp16,4,4,3,528,pass,
13,rank4_axis3_neg_fp16,fp16,4,4,-1,528,pass,
14,rank5_axis0_pos_fp16,fp16,5,4,0,1584,pass,
15,rank5_axis0_neg_fp16,fp16,5,4,-5,1584,pass,
16,rank5_axis4_pos_fp16,fp16,5,4,4,1056,pass,
17,rank5_axis4_neg_fp16,fp16,5,4,-1,1056,pass,
18,rank6_axis0_pos_fp16,fp16,6,4,0,6336,pass,
19,rank6_axis0_neg_fp16,fp16,6,4,-6,6336,pass,
20,rank6_axis5_pos_fp16,fp16,6,4,5,3168,pass,
21,rank6_axis5_neg_fp16,fp16,6,4,-1,3168,pass,
22,rank1_axis0_pos_fp32,fp32,1,4,0,44,pass,
23,rank1_axis0_neg_fp32,fp32,1,4,-1,44,pass,
24,rank2_axis0_pos_fp32,fp32,2,4,0,132,pass,
25,rank2_axis0_neg_fp32,fp32,2,4,-2,132,pass,
26,rank2_axis1_pos_fp32,fp32,2,4,1,88,pass,
27,rank2_axis1_neg_fp32,fp32,2,4,-1,88,pass,
28,rank3_axis0_pos_fp32,fp32,3,4,0,528,pass,
29,rank3_axis0_neg_fp32,fp32,3,4,-3,528,pass,
30,rank3_axis2_pos_fp32,fp32,3,4,2,264,pass,
31,rank3_axis2_neg_fp32,fp32,3,4,-1,264,pass,
32,rank4_axis0_pos_fp32,fp32,4,4,0,1056,pass,
33,rank4_axis0_neg_fp32,fp32,4,4,-4,1056,pass,
34,rank4_axis3_pos_fp32,fp32,4,4,3,1056,pass,
35,rank4_axis3_neg_fp32,fp32,4,4,-1,1056,pass,
36,rank5_axis0_pos_fp32,fp32,5,4,0,3168,pass,
37,rank5_axis0_neg_fp32,fp32,5,4,-5,3168,pass,
38,rank5_axis4_pos_fp32,fp32,5,4,4,2112,pass,
39,rank5_axis4_neg_fp32,fp32,5,4,-1,2112,pass,
40,rank6_axis0_pos_fp32,fp32,6,4,0,12672,pass,
41,rank6_axis0_neg_fp32,fp32,6,4,-6,12672,pass,
42,rank6_axis5_pos_fp32,fp32,6,4,5,6336,pass,
43,rank6_axis5_neg_fp32,fp32,6,4,-1,6336,pass,
44,rank1_axis0_pos_int32,int32,1,4,0,44,pass,
45,rank1_axis0_neg_int32,int32,1,4,-1,44,pass,
46,rank2_axis0_pos_int32,int32,2,4,0,132,pass,
47,rank2_axis0_neg_int32,int32,2,4,-2,132,pass,
48,rank2_axis1_pos_int32,int32,2,4,1,88,pass,
49,rank2_axis1_neg_int32,int32,2,4,-1,88,pass,
50,rank3_axis0_pos_int32,int32,3,4,0,528,pass,
51,rank3_axis0_neg_int32,int32,3,4,-3,528,pass,
52,rank3_axis2_pos_int32,int32,3,4,2,264,pass,
53,rank3_axis2_neg_int32,int32,3,4,-1,264,pass,
54,rank4_axis0_pos_int32,int32,4,4,0,1056,pass,
55,rank4_axis0_neg_int32,int32,4,4,-4,1056,pass,
56,rank4_axis3_pos_int32,int32,4,4,3,1056,pass,
57,rank4_axis3_neg_int32,int32,4,4,-1,1056,pass,
58,rank5_axis0_pos_int32,int32,5,4,0,3168,pass,
59,rank5_axis0_neg_int32,int32,5,4,-5,3168,pass,
60,rank5_axis4_pos_int32,int32,5,4,4,2112,pass,
61,rank5_axis4_neg_int32,int32,5,4,-1,2112,pass,
62,rank6_axis0_pos_int32,int32,6,4,0,12672,pass,
63,rank6_axis0_neg_int32,int32,6,4,-6,12672,pass,
64,rank6_axis5_pos_int32,int32,6,4,5,6336,pass,
65,rank6_axis5_neg_int32,int32,6,4,-1,6336,pass,
66,rank1_axis0_pos_int8,int8,1,4,0,11,pass,
67,rank1_axis0_neg_int8,int8,1,4,-1,11,pass,
68,rank2_axis0_pos_int8,int8,2,4,0,33,pass,
69,rank2_axis0_neg_int8,int8,2,4,-2,33,pass,
70,rank2_axis1_pos_int8,int8,2,4,1,22,pass,
71,rank2_axis1_neg_int8,int8,2,4,-1,22,pass,
72,rank3_axis0_pos_int8,int8,3,4,0,132,pass,
73,rank3_axis0_neg_int8,int8,3,4,-3,132,pass,
74,rank3_axis2_pos_int8,int8,3,4,2,66,pass,
75,rank3_axis2_neg_int8,int8,3,4,-1,66,pass,
76,rank4_axis0_pos_int8,int8,4,4,0,264,pass,
77,rank4_axis0_neg_int8,int8,4,4,-4,264,pass,
78,rank4_axis3_pos_int8,int8,4,4,3,264,pass,
79,rank4_axis3_neg_int8,int8,4,4,-1,264,pass,
80,rank5_axis0_pos_int8,int8,5,4,0,792,pass,
81,rank5_axis0_neg_int8,int8,5,4,-5,792,pass,
82,rank5_axis4_pos_int8,int8,5,4,4,528,pass,
83,rank5_axis4_neg_int8,int8,5,4,-1,528,pass,
84,rank6_axis0_pos_int8,int8,6,4,0,3168,pass,
85,rank6_axis0_neg_int8,int8,6,4,-6,3168,pass,
86,rank6_axis5_pos_int8,int8,6,4,5,1584,pass,
87,rank6_axis5_neg_int8,int8,6,4,-1,1584,pass,
88,alignment_fp16_0,fp16,2,3,1,66,pass,
89,alignment_fp16_3,fp16,2,3,1,550,pass,
90,alignment_fp16_6,fp16,2,3,1,1408,pass,
91,alignment_fp16_9,fp16,2,3,1,2816,pass,
92,alignment_fp16_12,fp16,2,2,1,2838,pass,
93,alignment_fp32_0,fp32,2,3,1,132,pass,
94,alignment_fp32_3,fp32,2,3,1,1100,pass,
95,alignment_fp32_6,fp32,2,3,1,2816,pass,
96,alignment_fp32_9,fp32,2,3,1,5632,pass,
97,alignment_fp32_12,fp32,2,2,1,5676,pass,
98,alignment_int32_0,int32,2,3,1,132,pass,
99,alignment_int32_3,int32,2,3,1,1100,pass,
100,alignment_int32_6,int32,2,3,1,2816,pass,
101,alignment_int32_9,int32,2,3,1,5632,pass,
102,alignment_int32_12,int32,2,2,1,5676,pass,
103,alignment_int8_0,int8,2,3,1,33,pass,
104,alignment_int8_3,int8,2,3,1,275,pass,
105,alignment_int8_6,int8,2,3,1,704,pass,
106,alignment_int8_9,int8,2,3,1,1408,pass,
107,alignment_int8_12,int8,2,2,1,1419,pass,
108,input_count_1_fp16,fp16,2,1,1,8,pass,
109,input_count_2_fp16,fp16,2,2,1,8,pass,
110,input_count_3_fp16,fp16,2,3,1,24,pass,
111,input_count_8_fp16,fp16,2,8,1,104,pass,
112,input_count_16_fp16,fp16,2,16,1,240,pass,
113,input_count_64_fp16,fp16,2,64,1,1008,pass,
114,input_count_128_fp16,fp16,2,128,1,2024,pass,
115,input_count_129_fp16,fp16,2,129,1,2048,pass,
116,input_count_256_fp16,fp16,2,256,1,4080,pass,
117,input_count_1_fp32,fp32,2,1,1,16,pass,
118,input_count_2_fp32,fp32,2,2,1,16,pass,
119,input_count_3_fp32,fp32,2,3,1,48,pass,
120,input_count_8_fp32,fp32,2,8,1,208,pass,
121,input_count_16_fp32,fp32,2,16,1,480,pass,
122,input_count_64_fp32,fp32,2,64,1,2016,pass,
123,input_count_128_fp32,fp32,2,128,1,4048,pass,
124,input_count_129_fp32,fp32,2,129,1,4096,pass,
125,input_count_256_fp32,fp32,2,256,1,8160,pass,
126,input_count_1_int32,int32,2,1,1,16,pass,
127,input_count_2_int32,int32,2,2,1,16,pass,
128,input_count_3_int32,int32,2,3,1,48,pass,
129,input_count_8_int32,int32,2,8,1,208,pass,
130,input_count_16_int32,int32,2,16,1,480,pass,
131,input_count_64_int32,int32,2,64,1,2016,pass,
132,input_count_128_int32,int32,2,128,1,4048,pass,
133,input_count_129_int32,int32,2,129,1,4096,pass,
134,input_count_256_int32,int32,2,256,1,8160,pass,
135,input_count_1_int8,int8,2,1,1,4,pass,
136,input_count_2_int8,int8,2,2,1,4,pass,
137,input_count_3_int8,int8,2,3,1,12,pass,
138,input_count_8_int8,int8,2,8,1,52,pass,
139,input_count_16_int8,int8,2,16,1,120,pass,
140,input_count_64_int8,int8,2,64,1,504,pass,
141,input_count_128_int8,int8,2,128,1,1012,pass,
142,input_count_129_int8,int8,2,129,1,1024,pass,
143,input_count_256_int8,int8,2,256,1,2040,pass,
144,rows_1_fp16,fp16,2,3,1,18,pass,
145,rows_2_fp16,fp16,2,3,1,36,pass,
146,rows_31_fp16,fp16,2,3,1,558,pass,
147,rows_32_fp16,fp16,2,3,1,576,pass,
148,rows_33_fp16,fp16,2,3,1,594,pass,
149,rows_4094_fp16,fp16,2,3,1,73692,pass,
150,rows_4095_fp16,fp16,2,3,1,73710,pass,
151,rows_4096_fp16,fp16,2,3,1,73728,pass,
152,rows_1_fp32,fp32,2,3,1,36,pass,
153,rows_2_fp32,fp32,2,3,1,72,pass,
154,rows_31_fp32,fp32,2,3,1,1116,pass,
155,rows_32_fp32,fp32,2,3,1,1152,pass,
156,rows_33_fp32,fp32,2,3,1,1188,pass,
157,rows_4094_fp32,fp32,2,3,1,147384,pass,
158,rows_4095_fp32,fp32,2,3,1,147420,pass,
159,rows_4096_fp32,fp32,2,3,1,147456,pass,
160,rows_1_int32,int32,2,3,1,36,pass,
161,rows_2_int32,int32,2,3,1,72,pass,
162,rows_31_int32,int32,2,3,1,1116,pass,
163,rows_32_int32,int32,2,3,1,1152,pass,
164,rows_33_int32,int32,2,3,1,1188,pass,
165,rows_4094_int32,int32,2,3,1,147384,pass,
166,rows_4095_int32,int32,2,3,1,147420,pass,
167,rows_4096_int32,int32,2,3,1,147456,pass,
168,rows_1_int8,int8,2,3,1,9,pass,
169,rows_2_int8,int8,2,3,1,18,pass,
170,rows_31_int8,int8,2,3,1,279,pass,
171,rows_32_int8,int8,2,3,1,288,pass,
172,rows_33_int8,int8,2,3,1,297,pass,
173,rows_4094_int8,int8,2,3,1,36846,pass,
174,rows_4095_int8,int8,2,3,1,36855,pass,
175,rows_4096_int8,int8,2,3,1,36864,pass,
176,tile_8192_fp16,fp16,2,2,1,98346,pass,
177,tile_16384_fp16,fp16,2,2,1,196650,pass,
178,tile_32768_fp16,fp16,2,2,1,393258,pass,
179,tile_40003_fp16,fp16,2,2,1,480078,pass,
180,dim0_large_fp16,fp16,2,2,0,917504,pass,
181,tile_8192_fp32,fp32,2,2,1,196692,pass,
182,tile_16384_fp32,fp32,2,2,1,393300,pass,
183,tile_32768_fp32,fp32,2,2,1,786516,pass,
184,tile_40003_fp32,fp32,2,2,1,960156,pass,
185,dim0_large_fp32,fp32,2,2,0,917504,pass,
186,tile_8192_int32,int32,2,2,1,196692,pass,
187,tile_16384_int32,int32,2,2,1,393300,pass,
188,tile_32768_int32,int32,2,2,1,786516,pass,
189,tile_40003_int32,int32,2,2,1,960156,pass,
190,dim0_large_int32,int32,2,2,0,917504,pass,
191,tile_16384_int8,int8,2,2,1,98325,pass,
192,tile_32768_int8,int8,2,2,1,196629,pass,
193,tile_65536_int8,int8,2,2,1,393237,pass,
194,tile_80006_int8,int8,2,2,1,480057,pass,
195,dim0_large_int8,int8,2,2,0,917504,pass,
196,random_0196,fp16,6,4,-2,3840,pass,
197,random_0197,fp32,5,4,4,13600,pass,
198,random_0198,int32,3,2,0,4864,pass,
199,random_0199,int8,4,5,-1,476,pass,
200,random_0200,fp16,5,4,3,44100,pass,
201,random_0201,fp32,4,16,0,527744,pass,
202,random_0202,int32,2,3,-1,2600,pass,
203,random_0203,int8,3,3,1,168,pass,
204,random_0204,fp16,5,5,-5,9790,pass,
205,random_0205,fp32,4,32,3,353360,pass,
206,random_0206,int32,6,16,-1,43904,pass,
207,random_0207,int8,6,3,5,6944,pass,
208,random_0208,fp16,5,32,-3,200320,pass,
209,random_0209,fp32,5,3,1,35392,pass,
210,random_0210,int32,2,2,-1,1088,pass,
211,random_0211,int8,4,16,-3,7770,pass,
212,random_0212,fp16,1,3,0,164,pass,
213,random_0213,fp32,5,3,-2,34816,pass,
214,random_0214,int32,5,8,-3,21024,pass,
215,random_0215,int8,5,32,-1,70752,pass,
216,random_0216,fp16,5,3,0,1848,pass,
217,random_0217,fp32,1,5,0,724,pass,
218,random_0218,int32,5,4,-4,48000,pass,
219,random_0219,int8,4,2,2,8360,pass,
220,random_0220,fp16,6,3,1,48384,pass,
221,random_0221,fp32,4,16,0,24576,pass,
222,random_0222,int32,1,5,0,292,pass,
223,random_0223,int8,3,8,-2,7440,pass,
224,random_0224,fp16,5,5,-1,16400,pass,
225,random_0225,fp32,2,16,-2,10948,pass,
226,random_0226,int32,2,8,0,6132,pass,
227,random_0227,int8,2,8,-2,450,pass,
228,random_0228,fp16,1,4,-1,186,pass,
229,random_0229,fp32,1,5,0,516,pass,
230,random_0230,int32,2,3,-2,512,pass,
231,random_0231,int8,2,5,-1,648,pass,
232,random_0232,fp16,3,2,0,19404,pass,
233,random_0233,fp32,1,5,-1,764,pass,
234,random_0234,int32,6,4,0,16296,pass,
235,random_0235,int8,4,16,0,14816,pass,
236,random_0236,fp16,2,2,0,204,pass,
237,random_0237,fp32,2,16,-2,1208,pass,
238,random_0238,int32,2,16,1,1340,pass,
239,random_0239,int8,2,4,-1,2320,pass,
240,random_0240,fp16,1,16,-1,826,pass,
241,random_0241,fp32,5,2,-4,56760,pass,
242,random_0242,int32,6,2,-1,9216,pass,
243,random_0243,int8,6,32,-1,26160,pass,
244,random_0244,fp16,1,3,0,34,pass,
245,random_0245,fp32,5,32,-4,413280,pass,
246,random_0246,int32,3,4,-1,1728,pass,
247,random_0247,int8,2,32,0,4555,pass,
248,random_0248,fp16,2,3,-1,2030,pass,
249,random_0249,fp32,3,16,-2,5208,pass,
250,random_0250,int32,3,8,-2,19392,pass,
251,random_0251,int8,3,16,1,2968,pass,
252,random_0252,fp16,1,4,-1,330,pass,
253,random_0253,fp32,4,4,0,38640,pass,
254,random_0254,int32,3,4,0,8096,pass,
255,random_0255,int8,2,3,-2,127,pass,
256,random_0256,fp16,2,32,0,7580,pass,
257,random_0257,fp32,1,8,0,524,pass,
258,random_0258,int32,6,3,5,31200,pass,
259,random_0259,int8,2,16,0,1955,pass,
260,random_0260,fp16,4,5,0,50304,pass,
261,random_0261,fp32,2,3,0,112,pass,
262,random_0262,int32,4,8,-1,15456,pass,
263,random_0263,int8,2,32,1,2307,pass,
264,random_0264,fp16,3,32,1,57792,pass,
265,random_0265,fp32,2,16,-1,1792,pass,
266,random_0266,int32,3,4,-2,20160,pass,
267,random_0267,int8,3,32,-3,33000,pass,
268,random_0268,fp16,4,16,-1,6188,pass,
269,random_0269,fp32,2,5,1,2576,pass,
270,random_0270,int32,1,3,-1,320,pass,
271,random_0271,int8,1,5,-1,149,pass,
272,random_0272,fp16,4,5,1,5880,pass,
273,random_0273,fp32,5,4,1,23856,pass,
274,random_0274,int32,3,32,-3,411400,pass,
275,random_0275,int8,3,16,2,7056,pass,
276,random_0276,fp16,4,16,-3,14056,pass,
277,random_0277,fp32,3,3,-1,21952,pass,
278,random_0278,int32,1,32,0,2772,pass,
279,random_0279,int8,6,2,3,480,pass,
280,random_0280,fp16,3,32,-2,14016,pass,
281,random_0281,fp32,5,2,0,4896,pass,
282,random_0282,int32,4,2,-2,1792,pass,
283,random_0283,int8,3,32,1,7130,pass,
284,random_0284,fp16,2,3,0,536,pass,
285,random_0285,fp32,1,8,0,1568,pass,
286,random_0286,int32,4,5,-2,16032,pass,
287,random_0287,int8,6,2,-2,384,pass,
288,random_0288,fp16,5,8,-4,22016,pass,
289,random_0289,fp32,5,5,4,30144,pass,
290,random_0290,int32,3,3,0,4920,pass,
291,random_0291,int8,5,8,-5,85000,pass,
292,random_0292,fp16,4,32,-4,68320,pass,
293,random_0293,fp32,3,5,-3,960,pass,
294,random_0294,int32,6,32,0,177840,pass,
295,random_0295,int8,6,3,4,7812,pass,
296,random_0296,fp16,3,2,1,102,pass,
297,random_0297,fp32,5,16,4,186880,pass,
298,random_0298,int32,4,16,0,56232,pass,
299,random_0299,int8,2,8,1,195,pass,
300,random_0300,fp16,2,8,-2,3264,pass,
301,random_0301,fp32,6,16,0,81760,pass,
302,random_0302,int32,4,3,0,11176,pass,
303,random_0303,int8,6,2,0,3360,pass,
304,random_0304,fp16,5,4,4,2000,pass,
305,random_0305,fp32,2,32,-2,28996,pass,
306,random_0306,int32,3,32,1,101504,pass,
307,random_0307,int8,2,5,-2,728,pass,
308,random_0308,fp16,1,32,0,1902,pass,
309,random_0309,fp32,2,32,0,16300,pass,
310,random_0310,int32,4,2,3,864,pass,
311,random_0311,int8,1,16,-1,596,pass,
312,random_0312,fp16,6,4,-2,27552,pass,
313,random_0313,fp32,6,5,0,66360,pass,
314,random_0314,int32,3,4,2,760,pass,
315,random_0315,int8,6,16,5,13475,pass,
316,random_0316,fp16,4,3,3,6336,pass,
317,random_0317,fp32,3,32,0,164352,pass,
318,random_0318,int32,1,2,0,64,pass,
319,random_0319,int8,3,4,-2,2220,pass,
320,random_0320,fp16,4,2,0,6400,pass,
321,random_0321,fp32,3,3,-3,9660,pass,
322,random_0322,int32,5,32,0,124960,pass,
323,random_0323,int8,2,32,0,6144,pass,
324,random_0324,fp16,6,16,3,34100,pass,
325,random_0325,fp32,5,16,0,137728,pass,
326,random_0326,int32,6,32,4,148000,pass,
327,random_0327,int8,6,5,-4,7112,pass,
328,random_0328,fp16,3,2,1,4000,pass,
329,random_0329,fp32,4,5,3,15264,pass,
330,random_0330,int32,4,2,-4,10472,pass,
331,random_0331,int8,2,8,-2,2365,pass,
332,random_0332,fp16,2,4,1,1808,pass,
333,random_0333,fp32,2,3,-1,1512,pass,
334,random_0334,int32,6,32,5,65472,pass,
335,random_0335,int8,4,8,-2,4088,pass,
336,random_0336,fp16,4,2,-3,8320,pass,
337,random_0337,fp32,2,5,1,2780,pass,
338,random_0338,int32,2,3,1,4480,pass,
339,random_0339,int8,5,32,-5,63720,pass,
340,random_0340,fp16,3,5,1,832,pass,
341,random_0341,fp32,6,32,3,97812,pass,
342,random_0342,int32,3,8,2,43008,pass,
343,random_0343,int8,1,8,0,189,pass,
344,random_0344,fp16,6,8,-4,13440,pass,
345,random_0345,fp32,3,2,0,21824,pass,
346,random_0346,int32,2,32,-1,7664,pass,
347,random_0347,int8,6,5,4,2592,pass,
348,random_0348,fp16,5,4,3,12528,pass,
349,random_0349,fp32,2,2,0,2016,pass,
350,random_0350,int32,1,4,-1,520,pass,
351,random_0351,int8,4,2,2,2352,pass,
352,random_0352,fp16,6,4,-3,88400,pass,
353,random_0353,fp32,4,3,0,13300,pass,
354,random_0354,int32,2,4,-1,2156,pass,
355,random_0355,int8,4,5,-2,11760,pass,
356,random_0356,fp16,6,3,5,2304,pass,
357,random_0357,fp32,4,16,3,218624,pass,
358,random_0358,int32,2,2,1,576,pass,
359,random_0359,int8,2,2,0,19,pass,
360,random_0360,fp16,2,8,1,6204,pass,
361,random_0361,fp32,3,5,0,5400,pass,
362,random_0362,int32,6,32,-2,354368,pass,
363,random_0363,int8,5,32,-4,116256,pass,
364,random_0364,fp16,6,5,-1,24000,pass,
365,random_0365,fp32,1,4,0,512,pass,
366,random_0366,int32,3,5,2,4268,pass,
367,random_0367,int8,1,4,-1,26,pass,
368,random_0368,fp16,1,4,-1,180,pass,
369,random_0369,fp32,4,16,-3,106260,pass,
370,random_0370,int32,2,32,-2,41624,pass,
371,random_0371,int8,6,3,4,6790,pass,
372,random_0372,fp16,4,32,3,44736,pass,
373,random_0373,fp32,3,2,0,15872,pass,
374,random_0374,int32,4,16,-1,284160,pass,
375,random_0375,int8,5,3,-2,686,pass,
376,random_0376,fp16,4,16,-3,38112,pass,
377,random_0377,fp32,6,32,5,109200,pass,
378,random_0378,int32,6,2,1,720,pass,
379,random_0379,int8,6,5,-1,22880,pass,
380,random_0380,fp16,1,32,0,1910,pass,
381,random_0381,fp32,3,8,-2,33152,pass,
382,random_0382,int32,3,5,0,1536,pass,
383,random_0383,int8,4,16,0,96000,pass,
384,random_0384,fp16,6,32,-5,301056,pass,
385,random_0385,fp32,2,32,1,5992,pass,
386,random_0386,int32,1,3,0,260,pass,
387,random_0387,int8,3,16,0,12572,pass,
388,random_0388,fp16,3,16,0,15288,pass,
389,random_0389,fp32,5,32,-5,1229900,pass,
390,random_0390,int32,2,3,1,288,pass,
391,random_0391,int8,6,16,1,39264,pass,
392,random_0392,fp16,6,3,5,27300,pass,
393,random_0393,fp32,4,5,-1,70224,pass,
394,random_0394,int32,5,5,-4,15872,pass,
395,random_0395,int8,2,8,1,1365,pass,
396,random_0396,fp16,1,32,-1,1464,pass,
397,random_0397,fp32,3,32,2,172480,pass,
398,random_0398,int32,3,8,0,6240,pass,
399,random_0399,int8,4,5,2,28000,pass,
400,random_0400,fp16,1,2,0,68,pass,
401,random_0401,fp32,6,8,-2,48240,pass,
402,random_0402,int32,4,5,1,16000,pass,
403,random_0403,int8,3,2,1,1608,pass,
404,random_0404,fp16,2,5,-2,5888,pass,
405,random_0405,fp32,4,2,3,50176,pass,
406,random_0406,int32,2,4,-1,708,pass,
407,random_0407,int8,5,5,-3,3024,pass,
408,random_0408,fp16,6,4,-1,5184,pass,
409,random_0409,fp32,1,3,0,400,pass,
410,random_0410,int32,2,16,1,1896,pass,
411,random_0411,int8,5,32,-5,49840,pass,
412,random_0412,fp16,5,5,4,4512,pass,
413,random_0413,fp32,6,2,3,60060,pass,
414,random_0414,int32,3,3,-1,1600,pass,
415,random_0415,int8,2,8,-2,1120,pass,
416,random_0416,fp16,6,4,-3,15400,pass,
417,random_0417,fp32,5,8,1,63232,pass,
418,random_0418,int32,3,16,-2,23240,pass,
419,random_0419,int8,5,3,4,6240,pass,
420,random_0420,fp16,4,2,2,2048,pass,
421,random_0421,fp32,6,2,-6,5632,pass,
422,random_0422,int32,5,5,2,25312,pass,
423,random_0423,int8,3,5,-1,6237,pass,
424,random_0424,fp16,5,5,3,41216,pass,
425,random_0425,fp32,2,4,-1,800,pass,
426,random_0426,int32,3,16,2,34880,pass,
427,random_0427,int8,2,8,1,202,pass,
428,random_0428,fp16,3,8,1,21888,pass,
429,random_0429,fp32,1,4,0,164,pass,
430,random_0430,int32,2,16,0,26624,pass,
431,random_0431,int8,1,32,-1,668,pass,
432,random_0432,fp16,5,4,3,4032,pass,
433,random_0433,fp32,3,32,-1,63760,pass,
434,random_0434,int32,4,2,0,11520,pass,
435,random_0435,int8,6,32,-1,162580,pass,
436,random_0436,fp16,3,5,0,36960,pass,
437,random_0437,fp32,6,16,-6,41300,pass,
438,random_0438,int32,5,5,3,12480,pass,
439,random_0439,int8,1,8,0,229,pass,
440,random_0440,fp16,6,2,-5,33840,pass,
441,random_0441,fp32,5,3,-5,7040,pass,
442,random_0442,int32,2,5,1,3304,pass,
443,random_0443,int8,6,32,-1,53760,pass,
444,random_0444,fp16,1,5,-1,384,pass,
445,random_0445,fp32,1,32,0,3048,pass,
446,random_0446,int32,1,32,-1,2552,pass,
447,random_0447,int8,4,4,3,11680,pass,
448,random_0448,fp16,2,8,1,1710,pass,
449,random_0449,fp32,1,32,0,2848,pass,
450,random_0450,int32,2,5,0,4544,pass,
451,random_0451,int8,4,4,-4,7128,pass,
452,random_0452,fp16,4,2,0,4550,pass,
453,random_0453,fp32,4,16,-3,52932,pass,
454,random_0454,int32,6,5,-5,39200,pass,
455,random_0455,int8,4,8,0,6798,pass,
456,random_0456,fp16,3,8,0,8106,pass,
457,random_0457,fp32,1,8,-1,844,pass,
458,random_0458,int32,6,32,4,480480,pass,
459,random_0459,int8,4,2,-4,1280,pass,
460,random_0460,fp16,2,3,-2,1248,pass,
461,random_0461,fp32,2,16,-2,5600,pass,
462,random_0462,int32,1,8,0,600,pass,
463,random_0463,int8,1,2,-1,39,pass,
464,random_0464,fp16,6,32,2,269010,pass,
465,random_0465,fp32,3,8,-2,3360,pass,
466,random_0466,int32,1,2,0,28,pass,
467,random_0467,int8,1,3,0,49,pass,
468,random_0468,fp16,2,4,1,162,pass,
469,random_0469,fp32,3,32,1,18312,pass,
470,random_0470,int32,6,16,4,120960,pass,
471,random_0471,int8,5,3,-1,3216,pass,
472,random_0472,fp16,5,3,-5,32256,pass,
473,random_0473,fp32,6,3,-4,80640,pass,
474,random_0474,int32,5,8,3,28928,pass,
475,random_0475,int8,3,2,-2,8960,pass,
476,random_0476,fp16,2,8,0,2896,pass,
477,random_0477,fp32,6,8,3,25216,pass,
478,random_0478,int32,3,8,-2,13288,pass,
479,random_0479,int8,6,32,4,72135,pass,
480,random_0480,fp16,1,32,-1,1746,pass,
481,random_0481,fp32,4,16,0,31680,pass,
482,random_0482,int32,2,4,1,3780,pass,
483,random_0483,int8,2,32,-1,6629,pass,
484,random_0484,fp16,2,4,1,124,pass,
485,random_0485,fp32,1,3,-1,452,pass,
486,random_0486,int32,2,4,0,904,pass,
487,random_0487,int8,2,32,-2,2178,pass,
488,random_0488,fp16,2,16,1,1092,pass,
489,random_0489,fp32,4,3,-3,1600,pass,
490,random_0490,int32,6,2,0,10080,pass,
491,random_0491,int8,4,3,1,4224,pass,
492,random_0492,fp16,6,16,0,157248,pass,
493,random_0493,fp32,5,16,2,86016,pass,
494,random_0494,int32,4,8,-1,10624,pass,
495,random_0495,int8,6,8,-3,27744,pass,
496,random_0496,fp16,6,2,-3,3402,pass,
497,random_0497,fp32,4,32,2,280236,pass,
498,random_0498,int32,4,3,0,2352,pass,
499,random_0499,int8,2,16,1,3052,pass,
500,random_0500,fp16,1,4,-1,324,pass,
501,random_0501,fp32,2,3,-1,200,pass,
502,random_0502,int32,1,4,0,272,pass,
503,random_0503,int8,5,32,-4,150600,pass,
504,random_0504,fp16,4,4,3,5200,pass,
505,random_0505,fp32,2,2,1,940,pass,
506,random_0506,int32,2,3,0,3648,pass,
507,random_0507,int8,5,8,-4,6336,pass,
508,random_0508,fp16,2,8,-2,1568,pass,
509,random_0509,fp32,6,4,0,16800,pass,
510,random_0510,int32,4,32,1,445632,pass,
511,random_0511,int8,1,2,-1,70,pass,
512,random_0512,fp16,2,5,-1,226,pass,
513,random_0513,fp32,4,2,2,29260,pass,
514,random_0514,int32,3,2,1,952,pass,
515,random_0515,int8,4,2,-1,774,pass,
516,random_0516,fp16,3,5,-3,1664,pass,
517,random_0517,fp32,5,16,3,120736,pass,
518,random_0518,int32,3,3,1,23584,pass,
519,random_0519,int8,6,4,3,2112,pass,
520,random_0520,fp16,2,5,-2,2464,pass,
521,random_0521,fp32,5,8,-1,101760,pass,
522,random_0522,int32,5,8,-4,225600,pass,
523,random_0523,int8,1,2,0,33,pass,
524,random_0524,fp16,6,2,3,6300,pass,
525,random_0525,fp32,1,16,-1,1592,pass,
526,random_0526,int32,5,32,4,207936,pass,
527,random_0527,int8,3,32,-3,8526,pass,
528,random_0528,fp16,2,5,-2,1680,pass,
529,random_0529,fp32,2,32,0,14656,pass,
530,random_0530,int32,3,4,-1,22784,pass,
531,random_0531,int8,5,8,-2,8505,pass,
532,random_0532,fp16,6,4,0,16000,pass,
533,random_0533,fp32,5,5,-1,40640,pass,
534,random_0534,int32,6,3,-6,54780,pass,
535,random_0535,int8,1,8,-1,182,pass,
536,random_0536,fp16,1,5,0,172,pass,
537,random_0537,fp32,3,16,1,26560,pass,
538,random_0538,int32,6,4,3,43008,pass,
539,random_0539,int8,3,2,1,363,pass,
540,random_0540,fp16,3,16,0,6768,pass,
541,random_0541,fp32,6,5,-4,10200,pass,
542,random_0542,int32,4,4,3,28928,pass,
543,random_0543,int8,5,3,4,7280,pass,
544,random_0544,fp16,4,2,1,4752,pass,
545,random_0545,fp32,3,3,2,4352,pass,
546,random_0546,int32,2,2,-2,752,pass,
547,random_0547,int8,6,32,-5,26160,pass,
548,random_0548,fp16,4,2,-4,18400,pass,
549,random_0549,fp32,1,3,-1,588,pass,
550,random_0550,int32,4,5,3,1024,pass,
551,random_0551,int8,3,3,1,175,pass,
552,random_0552,fp16,5,5,-4,4944,pass,
553,random_0553,fp32,1,32,-1,3372,pass,
554,random_0554,int32,3,32,1,101376,pass,
555,random_0555,int8,2,4,0,1344,pass,
556,random_0556,fp16,1,4,0,144,pass,
557,random_0557,fp32,6,4,-1,18432,pass,
558,random_0558,int32,5,3,-2,41272,pass,
559,random_0559,int8,6,16,5,15160,pass,
560,random_0560,fp16,1,32,0,1500,pass,
561,random_0561,fp32,1,32,0,3552,pass,
562,random_0562,int32,5,8,1,13632,pass,
563,random_0563,int8,4,8,3,5856,pass,
564,random_0564,fp16,2,4,-2,560,pass,
565,random_0565,fp32,1,2,-1,508,pass,
566,random_0566,int32,4,2,2,1152,pass,
567,random_0567,int8,1,5,-1,146,pass,
568,random_0568,fp16,3,3,2,2048,pass,
569,random_0569,fp32,5,32,3,184632,pass,
570,random_0570,int32,6,16,0,64512,pass,
571,random_0571,int8,6,8,-2,26136,pass,
572,random_0572,fp16,1,16,-1,424,pass,
573,random_0573,fp32,5,8,-5,26560,pass,
574,random_0574,int32,6,16,-2,97888,pass,
575,random_0575,int8,2,3,0,2160,pass,
576,random_0576,fp16,6,5,3,4048,pass,
577,random_0577,fp32,4,8,-1,11088,pass,
578,random_0578,int32,1,8,0,872,pass,
579,random_0579,int8,3,32,-3,53520,pass,
580,random_0580,fp16,2,4,1,832,pass,
581,random_0581,fp32,6,5,1,103488,pass,
582,random_0582,int32,3,3,2,46948,pass,
583,random_0583,int8,1,8,0,277,pass,
584,random_0584,fp16,3,5,1,18718,pass,
585,random_0585,fp32,1,2,-1,140,pass,
586,random_0586,int32,6,4,-3,4060,pass,
587,random_0587,int8,1,3,0,87,pass,
588,random_0588,fp16,1,2,-1,10,pass,
589,random_0589,fp32,4,32,-4,197560,pass,
590,random_0590,int32,6,16,-6,166080,pass,
591,random_0591,int8,5,16,-2,11488,pass,
592,random_0592,fp16,6,2,4,2380,pass,
593,random_0593,fp32,1,4,-1,508,pass,
594,random_0594,int32,5,16,-5,12600,pass,
595,random_0595,int8,4,2,-2,7000,pass,
596,random_0596,fp16,3,32,2,139040,pass,
597,random_0597,fp32,2,8,0,4048,pass,
598,random_0598,int32,5,32,-3,64944,pass,
599,random_0599,int8,6,32,5,208530,pass,
600,random_0600,fp16,4,4,-1,21980,pass,
601,random_0601,fp32,2,8,-1,6512,pass,
602,random_0602,int32,4,5,3,8576,pass,
603,random_0603,int8,1,16,-1,524,pass,
604,random_0604,fp16,1,5,0,198,pass,
605,random_0605,fp32,2,5,-2,2200,pass,
606,random_0606,int32,1,4,0,336,pass,
607,random_0607,int8,6,2,-6,1020,pass,
608,random_0608,fp16,4,16,-3,185472,pass,
609,random_0609,fp32,3,32,0,42056,pass,
610,random_0610,int32,5,32,-1,193088,pass,
611,random_0611,int8,6,2,-4,1368,pass,
612,random_0612,fp16,5,2,-5,480,pass,
613,random_0613,fp32,1,16,0,1140,pass,
614,random_0614,int32,6,32,-5,137900,pass,
615,random_0615,int8,6,16,-1,71750,pass,
616,random_0616,fp16,4,16,0,63744,pass,
617,random_0617,fp32,2,3,-2,1140,pass,
618,random_0618,int32,2,2,1,4224,pass,
619,random_0619,int8,3,5,-1,3871,pass,
620,random_0620,fp16,3,5,-3,9888,pass,
621,random_0621,fp32,3,16,-2,16384,pass,
622,random_0622,int32,6,16,-6,161700,pass,
623,random_0623,int8,5,3,-5,8192,pass,
624,random_0624,fp16,4,32,-3,84480,pass,
625,random_0625,fp32,2,8,-1,3968,pass,
626,random_0626,int32,6,3,2,65856,pass,
627,random_0627,int8,1,5,-1,100,pass,
628,random_0628,fp16,3,4,-2,9504,pass,
629,random_0629,fp32,2,8,0,2456,pass,
630,random_0630,int32,4,4,2,10240,pass,
631,random_0631,int8,5,16,2,15712,pass,
632,random_0632,fp16,2,5,0,2244,pass,
633,random_0633,fp32,2,8,0,5700,pass,
634,random_0634,int32,5,32,-4,484400,pass,
635,random_0635,int8,6,4,4,16320,pass,
636,random_0636,fp16,2,4,-1,810,pass,
637,random_0637,fp32,4,5,-1,14160,pass,
638,random_0638,int32,1,2,0,136,pass,
639,random_0639,int8,5,32,-1,100608,pass,
640,random_0640,fp16,3,8,1,24304,pass,
641,random_0641,fp32,5,32,3,96360,pass,
642,random_0642,int32,1,3,0,268,pass,
643,random_0643,int8,3,4,-1,1815,pass,
644,random_0644,fp16,4,16,-2,4176,pass,
645,random_0645,fp32,4,32,1,241152,pass,
646,random_0646,int32,2,2,-1,3968,pass,
647,random_0647,int8,5,3,-5,16384,pass,
648,random_0648,fp16,3,4,-1,8712,pass,
649,random_0649,fp32,4,2,2,11060,pass,
650,random_0650,int32,6,3,-4,43904,pass,
651,random_0651,int8,1,32,0,834,pass,
652,random_0652,fp16,2,16,0,9086,pass,
653,random_0653,fp32,1,8,-1,468,pass,
654,random_0654,int32,5,2,-2,5760,pass,
655,random_0655,int8,4,8,-1,26400,pass,
656,random_0656,fp16,6,4,-2,9768,pass,
657,random_0657,fp32,1,3,0,312,pass,
658,random_0658,int32,4,2,0,7744,pass,
659,random_0659,int8,6,4,2,6132,pass,
660,random_0660,fp16,4,32,1,424448,pass,
661,random_0661,fp32,3,3,-1,1876,pass,
662,random_0662,int32,1,16,0,1820,pass,
663,random_0663,int8,2,2,0,280,pass,
664,random_0664,fp16,4,32,1,227584,pass,
665,random_0665,fp32,5,3,-2,36352,pass,
666,random_0666,int32,3,2,0,6336,pass,
667,random_0667,int8,4,16,-3,19170,pass,
668,random_0668,fp16,5,4,0,38880,pass,
669,random_0669,fp32,1,8,0,516,pass,
670,random_0670,int32,5,8,-4,69440,pass,
671,random_0671,int8,5,8,3,11920,pass,
672,random_0672,fp16,5,4,-2,7280,pass,
673,random_0673,fp32,1,32,0,2992,pass,
674,random_0674,int32,1,16,0,1448,pass,
675,random_0675,int8,6,32,0,40980,pass,
676,random_0676,fp16,4,8,-3,18228,pass,
677,random_0677,fp32,4,32,-1,186368,pass,
678,random_0678,int32,2,3,1,3200,pass,
679,random_0679,int8,6,32,-3,14616,pass,
680,random_0680,fp16,4,32,3,88960,pass,
681,random_0681,fp32,4,5,1,24320,pass,
682,random_0682,int32,2,2,-2,180,pass,
683,random_0683,int8,4,16,2,24530,pass,
684,random_0684,fp16,3,32,0,26400,pass,
685,random_0685,fp32,3,2,1,89408,pass,
686,random_0686,int32,3,16,1,24976,pass,
687,random_0687,int8,6,32,1,73800,pass,
688,random_0688,fp16,1,16,-1,952,pass,
689,random_0689,fp32,3,8,0,3136,pass,
690,random_0690,int32,3,4,-2,3392,pass,
691,random_0691,int8,3,5,-2,952,pass,
692,random_0692,fp16,6,8,-5,64512,pass,
693,random_0693,fp32,1,8,-1,716,pass,
694,random_0694,int32,4,16,-4,149120,pass,
695,random_0695,int8,3,3,-3,5632,pass,
696,random_0696,fp16,1,5,0,196,pass,
697,random_0697,fp32,5,32,-4,529496,pass,
698,random_0698,int32,4,3,1,4896,pass,
699,random_0699,int8,5,2,1,1050,pass,
700,random_0700,fp16,4,3,-2,26640,pass,
701,random_0701,fp32,3,5,-1,2896,pass,
702,random_0702,int32,4,2,0,58240,pass,
703,random_0703,int8,4,3,-1,12288,pass,
704,random_0704,fp16,5,4,-3,8064,pass,
705,random_0705,fp32,6,5,-6,190400,pass,
706,random_0706,int32,2,4,-1,1632,pass,
707,random_0707,int8,2,2,0,96,pass,
708,random_0708,fp16,6,16,5,15000,pass,
709,random_0709,fp32,2,16,0,31944,pass,
710,random_0710,int32,4,32,-4,91280,pass,
711,random_0711,int8,1,2,-1,81,pass,
712,random_0712,fp16,5,8,-5,6160,pass,
713,random_0713,fp32,4,16,1,96768,pass,
714,random_0714,int32,1,16,-1,1472,pass,
715,random_0715,int8,6,2,-3,2016,pass,
716,random_0716,fp16,1,4,0,216,pass,
717,random_0717,fp32,5,3,-4,20988,pass,
718,random_0718,int32,5,2,2,23232,pass,
719,random_0719,int8,5,2,-1,532,pass,
720,random_0720,fp16,6,16,-5,76608,pass,
721,random_0721,fp32,1,5,0,432,pass,
722,random_0722,int32,1,8,0,312,pass,
723,random_0723,int8,2,32,-2,6960,pass,
724,random_0724,fp16,4,5,-1,13568,pass,
725,random_0725,fp32,2,4,1,5016,pass,
726,random_0726,int32,1,8,-1,456,pass,
727,random_0727,int8,5,4,1,11760,pass,
728,random_0728,fp16,3,8,1,6528,pass,
729,random_0729,fp32,5,5,-4,13440,pass,
730,random_0730,int32,3,3,1,15200,pass,
731,random_0731,int8,1,3,-1,68,pass,
732,random_0732,fp16,6,16,-1,123392,pass,
733,random_0733,fp32,5,4,3,20448,pass,
734,random_0734,int32,2,16,0,8184,pass,
735,random_0735,int8,3,16,-2,7792,pass,
736,random_0736,fp16,6,5,4,41712,pass,
737,random_0737,fp32,6,8,0,107968,pass,
738,random_0738,int32,5,4,1,73728,pass,
739,random_0739,int8,1,3,0,72,pass,
740,random_0740,fp16,3,4,1,1584,pass,
741,random_0741,fp32,6,16,-6,414720,pass,
742,random_0742,int32,2,3,1,252,pass,
743,random_0743,int8,5,32,0,41200,pass,
744,random_0744,fp16,3,4,0,672,pass,
745,random_0745,fp32,6,3,2,17920,pass,
746,random_0746,int32,2,3,-2,1400,pass,
747,random_0747,int8,2,32,1,1938,pass,
748,random_0748,fp16,2,16,0,12000,pass,
749,random_0749,fp32,3,32,2,24444,pass,
750,random_0750,int32,2,16,-2,6240,pass,
751,random_0751,int8,1,3,-1,95,pass,
752,random_0752,fp16,4,16,1,40768,pass,
753,random_0753,fp32,1,5,0,392,pass,
754,random_0754,int32,4,4,-2,32120,pass,
755,random_0755,int8,4,4,1,7105,pass,
756,random_0756,fp16,1,8,-1,294,pass,
757,random_0757,fp32,3,32,-3,488448,pass,
758,random_0758,int32,2,3,0,996,pass,
759,random_0759,int8,4,3,-4,1848,pass,
760,random_0760,fp16,1,32,-1,1370,pass,
761,random_0761,fp32,3,3,1,4752,pass,
762,random_0762,int32,6,2,2,19200,pass,
763,random_0763,int8,2,2,0,136,pass,
764,random_0764,fp16,5,2,2,42680,pass,
765,random_0765,fp32,2,8,1,632,pass,
766,random_0766,int32,4,2,-3,3528,pass,
767,random_0767,int8,3,16,0,6608,pass,
768,random_0768,fp16,2,3,-1,1312,pass,
769,random_0769,fp32,2,3,0,3564,pass,
770,random_0770,int32,1,2,-1,380,pass,
771,random_0771,int8,4,16,-2,4212,pass,
772,random_0772,fp16,2,2,1,368,pass,
773,random_0773,fp32,3,2,-2,320,pass,
774,random_0774,int32,3,3,-3,33880,pass,
775,random_0775,int8,2,5,1,1448,pass,
776,random_0776,fp16,1,8,0,272,pass,
777,random_0777,fp32,6,3,1,3360,pass,
778,random_0778,int32,4,2,-3,59136,pass,
779,random_0779,int8,6,32,-3,132720,pass,
780,random_0780,fp16,6,8,-3,20664,pass,
781,random_0781,fp32,4,3,-1,36096,pass,
782,random_0782,int32,2,32,0,17060,pass,
783,random_0783,int8,4,16,-1,19074,pass,
784,random_0784,fp16,4,8,-3,15190,pass,
785,random_0785,fp32,2,4,-2,1056,pass,
786,random_0786,int32,1,32,-1,3288,pass,
787,random_0787,int8,2,3,0,645,pass,
788,random_0788,fp16,4,32,-1,91008,pass,
789,random_0789,fp32,1,32,-1,3368,pass,
790,random_0790,int32,4,32,-3,189056,pass,
791,random_0791,int8,5,5,-4,7152,pass,
792,random_0792,fp16,4,16,-1,60016,pass,
793,random_0793,fp32,5,3,-2,3360,pass,
794,random_0794,int32,4,4,0,6608,pass,
795,random_0795,int8,6,4,-5,27904,pass,
796,random_0796,fp16,5,16,1,97650,pass,
797,random_0797,fp32,6,5,3,81536,pass,
798,random_0798,int32,1,4,-1,452,pass,
799,random_0799,int8,3,2,2,680,pass,
800,random_0800,fp16,1,4,-1,298,pass,
801,random_0801,fp32,1,16,-1,1388,pass,
802,random_0802,int32,4,16,-2,62304,pass,
803,random_0803,int8,6,5,-3,10400,pass,
804,random_0804,fp16,2,16,-1,1124,pass,
805,random_0805,fp32,3,4,-3,584,pass,
806,random_0806,int32,3,16,2,29304,pass,
807,random_0807,int8,1,2,-1,79,pass,
808,random_0808,fp16,6,16,1,118360,pass,
809,random_0809,fp32,6,4,-5,35208,pass,
810,random_0810,int32,5,3,0,68608,pass,
811,random_0811,int8,1,3,0,31,pass,
812,random_0812,fp16,1,2,0,136,pass,
813,random_0813,fp32,4,4,0,24960,pass,
814,random_0814,int32,4,16,1,51184,pass,
815,random_0815,int8,4,5,1,16768,pass,
816,random_0816,fp16,5,16,2,60480,pass,
817,random_0817,fp32,2,8,-1,2484,pass,
818,random_0818,int32,2,5,-2,460,pass,
819,random_0819,int8,4,2,-1,1519,pass,
820,random_0820,fp16,5,3,-2,3430,pass,
821,random_0821,fp32,3,32,-2,180768,pass,
822,random_0822,int32,6,16,-3,150080,pass,
823,random_0823,int8,4,2,-2,880,pass,
824,random_0824,fp16,2,3,1,280,pass,
825,random_0825,fp32,5,3,4,22344,pass,
826,random_0826,int32,6,4,0,61440,pass,
827,random_0827,int8,4,4,-2,3395,pass,
828,random_0828,fp16,2,3,0,400,pass,
829,random_0829,fp32,5,4,-2,13200,pass,
830,random_0830,int32,3,8,0,152768,pass,
831,random_0831,int8,2,5,1,388,pass,
832,random_0832,fp16,3,2,-1,304,pass,
833,random_0833,fp32,2,4,-2,1640,pass,
834,random_0834,int32,1,3,-1,272,pass,
835,random_0835,int8,4,3,-2,4992,pass,
836,random_0836,fp16,2,32,1,23616,pass,
837,random_0837,fp32,4,3,2,23408,pass,
838,random_0838,int32,6,3,-5,17280,pass,
839,random_0839,int8,5,2,-5,5200,pass,
840,random_0840,fp16,6,8,-4,18080,pass,
841,random_0841,fp32,2,16,0,10444,pass,
842,random_0842,int32,6,5,-4,24156,pass,
843,random_0843,int8,1,8,-1,290,pass,
844,random_0844,fp16,2,2,-2,96,pass,
845,random_0845,fp32,6,3,-1,67320,pass,
846,random_0846,int32,2,32,-2,9024,pass,
847,random_0847,int8,2,3,-2,568,pass,
848,random_0848,fp16,3,8,0,2256,pass,
849,random_0849,fp32,1,2,0,72,pass,
850,random_0850,int32,2,5,0,2336,pass,
851,random_0851,int8,1,32,0,855,pass,
852,random_0852,fp16,4,5,-4,29696,pass,
853,random_0853,fp32,2,5,-2,4100,pass,
854,random_0854,int32,6,32,-3,528640,pass,
855,random_0855,int8,2,3,1,686,pass,
856,random_0856,fp16,6,32,5,111168,pass,
857,random_0857,fp32,2,4,0,2688,pass,
858,random_0858,int32,6,16,-3,50976,pass,
859,random_0859,int8,4,4,-2,10164,pass,
860,random_0860,fp16,1,32,-1,1654,pass,
861,random_0861,fp32,6,32,-4,218880,pass,
862,random_0862,int32,6,4,-4,18920,pass,
863,random_0863,int8,5,32,-4,13062,pass,
864,random_0864,fp16,3,16,-2,30240,pass,
865,random_0865,fp32,5,32,4,633248,pass,
866,random_0866,int32,4,5,2,129696,pass,
867,random_0867,int8,6,8,3,21021,pass,
868,random_0868,fp16,6,5,-2,12672,pass,
869,random_0869,fp32,1,5,-1,460,pass,
870,random_0870,int32,5,3,-3,31040,pass,
871,random_0871,int8,5,16,4,20776,pass,
872,random_0872,fp16,1,2,-1,46,pass,
873,random_0873,fp32,1,2,0,132,pass,
874,random_0874,int32,1,3,0,204,pass,
875,random_0875,int8,3,2,1,76,pass,
876,random_0876,fp16,4,2,1,21840,pass,
877,random_0877,fp32,3,4,1,23496,pass,
878,random_0878,int32,1,3,0,296,pass,
879,random_0879,int8,5,4,-2,9040,pass,
880,random_0880,fp16,3,16,2,6520,pass,
881,random_0881,fp32,3,5,0,13356,pass,
882,random_0882,int32,4,2,2,50688,pass,
883,random_0883,int8,3,3,0,4032,pass,
884,random_0884,fp16,6,8,2,57120,pass,
885,random_0885,fp32,3,2,-2,38720,pass,
886,random_0886,int32,1,4,0,544,pass,
887,random_0887,int8,6,2,-1,18368,pass,
888,random_0888,fp16,4,2,-2,576,pass,
889,random_0889,fp32,1,32,0,3108,pass,
890,random_0890,int32,2,8,1,3320,pass,
891,random_0891,int8,5,5,-4,4424,pass,
892,random_0892,fp16,6,4,-2,4482,pass,
893,random_0893,fp32,1,32,-1,3124,pass,
894,random_0894,int32,5,2,-2,15232,pass,
895,random_0895,int8,4,16,2,58653,pass,
896,random_0896,fp16,4,3,-2,21760,pass,
897,random_0897,fp32,1,3,-1,572,pass,
898,random_0898,int32,3,32,-1,124320,pass,
899,random_0899,int8,3,4,-2,1152,pass,
900,random_0900,fp16,1,32,0,1292,pass,
901,random_0901,fp32,1,32,-1,3708,pass,
902,random_0902,int32,5,5,-4,26048,pass,
903,random_0903,int8,4,5,3,19712,pass,
904,random_0904,fp16,6,8,-2,33768,pass,
905,random_0905,fp32,6,32,-2,161056,pass,
906,random_0906,int32,5,16,-3,309540,pass,
907,random_0907,int8,5,16,-3,51712,pass,
908,random_0908,fp16,5,8,-4,10224,pass,
909,random_0909,fp32,4,32,-3,455840,pass,
910,random_0910,int32,6,32,5,116480,pass,
911,random_0911,int8,4,3,1,5600,pass,
912,random_0912,fp16,1,32,-1,1328,pass,
913,random_0913,fp32,6,4,-1,21920,pass,
914,random_0914,int32,6,3,-4,19584,pass,
915,random_0915,int8,3,3,1,1365,pass,
916,random_0916,fp16,1,32,-1,2026,pass,
917,random_0917,fp32,5,8,-1,24640,pass,
918,random_0918,int32,2,4,0,728,pass,
919,random_0919,int8,5,8,-2,12744,pass,
920,random_0920,fp16,4,3,2,7216,pass,
921,random_0921,fp32,1,5,0,572,pass,
922,random_0922,int32,5,16,-3,78792,pass,
923,random_0923,int8,3,4,-1,1888,pass,
924,random_0924,fp16,4,5,2,31872,pass,
925,random_0925,fp32,6,16,-6,21528,pass,
926,random_0926,int32,6,8,-3,233472,pass,
927,random_0927,int8,4,3,2,12544,pass,
928,random_0928,fp16,3,8,-2,1414,pass,
929,random_0929,fp32,4,8,-2,54208,pass,
930,random_0930,int32,2,5,-2,1440,pass,
931,random_0931,int8,3,8,2,7448,pass,
932,random_0932,fp16,6,3,1,7140,pass,
933,random_0933,fp32,6,8,-1,36120,pass,
934,random_0934,int32,2,8,1,11520,pass,
935,random_0935,int8,4,32,-2,18480,pass,
936,random_0936,fp16,6,16,-4,32640,pass,
937,random_0937,fp32,3,8,-1,4272,pass,
938,random_0938,int32,2,4,-2,5376,pass,
939,random_0939,int8,1,32,0,949,pass,
940,random_0940,fp16,4,2,-3,1428,pass,
941,random_0941,fp32,2,8,0,4352,pass,
942,random_0942,int32,3,2,-3,10112,pass,
943,random_0943,int8,5,2,-2,2016,pass,
944,random_0944,fp16,2,4,1,608,pass,
945,random_0945,fp32,3,2,1,32768,pass,
946,random_0946,int32,5,8,-1,29760,pass,
947,random_0947,int8,5,3,4,16038,pass,
948,random_0948,fp16,6,32,-1,291456,pass,
949,random_0949,fp32,2,5,-1,2772,pass,
950,random_0950,int32,2,4,0,440,pass,
951,random_0951,int8,3,8,2,8712,pass,
952,random_0952,fp16,1,4,-1,196,pass,
953,random_0953,fp32,3,2,2,768,pass,
954,random_0954,int32,5,8,3,72576,pass,
955,random_0955,int8,4,8,-1,24079,pass,
956,random_0956,fp16,4,3,-4,210,pass,
957,random_0957,fp32,1,4,0,528,pass,
958,random_0958,int32,3,32,0,384512,pass,
959,random_0959,int8,5,8,1,16704,pass,
960,random_0960,fp16,5,4,4,19968,pass,
961,random_0961,fp32,3,5,-3,28600,pass,
962,random_0962,int32,6,3,-1,50176,pass,
963,random_0963,int8,5,32,0,26336,pass,
964,random_0964,fp16,1,32,-1,1712,pass,
965,random_0965,fp32,6,32,-4,231168,pass,
966,random_0966,int32,2,8,1,3220,pass,
967,random_0967,int8,5,32,-4,73440,pass,
968,random_0968,fp16,6,2,2,4680,pass,
969,random_0969,fp32,6,3,-6,3072,pass,
970,random_0970,int32,6,8,-4,109440,pass,
971,random_0971,int8,6,32,2,40384,pass,
972,random_0972,fp16,4,3,3,1620,pass,
973,random_0973,fp32,4,32,1,116592,pass,
974,random_0974,int32,1,3,0,572,pass,
975,random_0975,int8,5,4,-2,2765,pass,
976,random_0976,fp16,1,4,0,330,pass,
977,random_0977,fp32,5,5,-5,73152,pass,
978,random_0978,int32,5,16,2,46920,pass,
979,random_0979,int8,2,5,-1,675,pass,
980,random_0980,fp16,2,3,-1,64,pass,
981,random_0981,fp32,5,2,4,24064,pass,
982,random_0982,int32,3,32,-3,68640,pass,
983,random_0983,int8,1,16,0,399,pass,
984,random_0984,fp16,6,32,-6,148600,pass,
985,random_0985,fp32,2,16,-1,13376,pass,
986,random_0986,int32,5,5,-2,47520,pass,
987,random_0987,int8,2,3,-1,448,pass,
988,random_0988,fp16,2,3,-2,444,pass,
989,random_0989,fp32,2,8,1,796,pass,
990,random_0990,int32,2,4,0,6028,pass,
991,random_0991,int8,5,3,-5,24320,pass,
992,random_0992,fp16,5,32,4,296032,pass,
993,random_0993,fp32,5,5,-1,15960,pass,
994,random_0994,int32,1,8,-1,560,pass,
995,random_0995,int8,6,8,3,40512,pass,
996,random_0996,fp16,2,16,0,968,pass,
997,random_0997,fp32,3,5,-3,2640,pass,
998,random_0998,int32,6,32,3,684032,pass,
999,random_0999,int8,5,2,4,6006,pass,
